-- =====================================================================
--  بيانات تجريبية واقعية — مستشفى الياسين الطبي
--  شغّل هذا الملف بعد schema.sql مباشرة.
--
--  دخول لوحة الإدارة (مبسط على جهة الواجهة):
--      اسم المستخدم : admin
--      كلمة المرور  : 123
-- =====================================================================
USE nasser_hospital;

-- تفريغ الجداول قبل التعبئة (بترتيب يحترم المفاتيح الأجنبية)
SET FOREIGN_KEY_CHECKS = 0;
TRUNCATE TABLE appointments;
TRUNCATE TABLE doctor_schedules;
TRUNCATE TABLE doctors;
TRUNCATE TABLE clinics;
TRUNCATE TABLE announcements;
TRUNCATE TABLE complaints;
TRUNCATE TABLE users;
SET FOREIGN_KEY_CHECKS = 1;

-- ---------------------------------------------------------------------
-- العيادات (الأسماء مطابقة لقائمة فورم الحجز في موقع الزوار)
-- ---------------------------------------------------------------------
INSERT INTO clinics (id, code, name, floor, head_name, status) VALUES
    (1,  'INT-01',  'عيادة الباطنة',                 'الأول',  'د. أحمد مرتجى',   'active'),
    (2,  'CHST-02', 'عيادة الصدرية',                 'الأول',  'د. محمد صقر',     'active'),
    (3,  'ENT-03',  'عيادة الاذن والانف والحنجرة',   'الثاني', 'د. إيهاب أحمد',   'active'),
    (4,  'ORTH-04', 'عيادة العظام',                  'الثاني', 'د. أحمد محمد',    'active'),
    (5,  'EYE-05',  'عيادة العيون',                  'الثالث', 'د. غسان أنور',    'active'),
    (6,  'PED-06',  'عيادة الاطفال',                 'الأرضي', 'د. أنور مرتجى',   'active'),
    (7,  'CARD-07', 'عيادة القلب',                   'الثالث', 'د. نور مرتضى',    'active'),
    (8,  'DERM-08', 'عيادة الجلدية',                 'الثاني', 'د. ياسين محمد',   'active'),
    (9,  'ENDO-09', 'عيادة الغدد',                   'الأول',  'د. أحمد راضي',    'active'),
    (10, 'URO-10',  'عيادة المسالك البولية',         'الثالث', 'د. سامر خليل',    'active'),
    (11, 'DENT-11', 'عيادة الاسنان',                 'الأرضي', 'د. ليلى حمدان',   'active'),
    (12, 'PHYS-12', 'عيادة العلاج الطبيعي',          'الأرضي', 'د. رنا أبو شادي', 'active');

-- ---------------------------------------------------------------------
-- الأطباء (الأسماء مأخوذة من بطاقات صفحة الأطباء في موقع الزوار)
-- ---------------------------------------------------------------------
INSERT INTO doctors (id, name, specialization, phone, clinic_id, image_url) VALUES
    (1, 'د. أحمد مرتجى',  'أخصائي باطنة',               '0599111001', 1,  NULL),
    (2, 'د. محمد صقر',    'أخصائي أمراض صدرية',         '0599111002', 2,  NULL),
    (3, 'د. إيهاب أحمد',  'أخصائي أنف وأذن وحنجرة',     '0599111003', 3,  NULL),
    (4, 'د. أحمد محمد',   'أخصائي جراحة عظام',          '0599111004', 4,  NULL),
    (5, 'د. غسان أنور',   'أخصائي طب وجراحة العيون',    '0599111005', 5,  NULL),
    (6, 'د. أنور مرتجى',  'أخصائي طب أطفال',            '0599111006', 6,  NULL),
    (7, 'د. نور مرتضى',   'أخصائي أمراض قلب',           '0599111007', 7,  NULL),
    (8, 'د. ياسين محمد',  'أخصائي جلدية',               '0599111008', 8,  NULL),
    (9, 'د. أحمد راضي',   'أخصائي غدد صماء',            '0599111009', 9,  NULL),
    (10, 'د. سامر خليل',  'أخصائي مسالك بولية',         '0599111010', 10, NULL),
    (11, 'د. ليلى حمدان', 'طبيبة أسنان',                '0599111011', 11, NULL),
    (12, 'د. رنا أبو شادي','أخصائية علاج طبيعي',        '0599111012', 12, NULL),
    -- أطباء السلايدر وصفحات Doctors2/3 القديمة (13-19 مرتبطون بصورهم الحقيقية
    -- عبر image_url لأن أسماء ملفات الصور بلا همزات بعكس أسماء القاعدة)
    (13, 'د. أحمد جميل',   'أخصائي طب أطفال',          '0599111013', 6,  'pictures/احمد جميل.jpg'),
    (14, 'د. أحمد محمود',  'أخصائي طب وجراحة العيون',  '0599111014', 5,  'pictures/احمد محمود.jpg'),
    (15, 'د. عرفات مرزوق', 'أخصائي مسالك بولية',       '0599111015', 10, 'pictures/عرفات مرزوق.jpg'),
    (16, 'د. مرتضى يونس',  'أخصائي علاج طبيعي',        '0599111016', 12, 'pictures/مرتضى يونس.jpg'),
    (17, 'د. مرزوق الفرا', 'أخصائي جراحة عظام',        '0599111017', 4,  'pictures/مرزوق الفرا.jpg'),
    (18, 'د. نور مرتجى',   'أخصائي أمراض قلب',         '0599111018', 7,  'pictures/نور مرتجى.jpg'),
    (19, 'د. يونس أشرف',   'أخصائي أمراض صدرية',       '0599111019', 2,  'pictures/يونس اشرف.jpg'),
    (20, 'د. أدهم عرفات',  'أخصائي أنف وأذن وحنجرة',   '0599111020', 3,  NULL),
    (21, 'د. نور الدغمة',  'أخصائية حنجرة وسمعيات',    '0599111021', 3,  NULL),
    (22, 'د. عليان نور',   'أخصائي جلدية وتجميل',      '0599111022', 8,  NULL),
    (23, 'د. أدهم يونس',   'أخصائي جلدية',             '0599111023', 8,  NULL);

-- ---------------------------------------------------------------------
-- دوام الأطباء (day_of_week: 0=الأحد ... 6=السبت)
--   دوام المستشفى الرسمي: السبت-الخميس 8:00 صباحاً - 4:00 مساءً
--   لكل طبيب 3 أيام دوام بفترات موعد 20-30 دقيقة
-- ---------------------------------------------------------------------
INSERT INTO doctor_schedules (doctor_id, day_of_week, start_time, end_time, slot_minutes) VALUES
    (1, 0, '08:00:00', '12:00:00', 30), (1, 2, '08:00:00', '12:00:00', 30), (1, 4, '08:00:00', '12:00:00', 30),
    (2, 1, '08:00:00', '12:00:00', 30), (2, 3, '08:00:00', '12:00:00', 30), (2, 6, '08:00:00', '12:00:00', 30),
    (3, 0, '12:00:00', '16:00:00', 30), (3, 2, '12:00:00', '16:00:00', 30), (3, 4, '12:00:00', '16:00:00', 30),
    (4, 1, '12:00:00', '16:00:00', 30), (4, 3, '12:00:00', '16:00:00', 30), (4, 6, '12:00:00', '16:00:00', 30),
    (5, 0, '08:00:00', '12:00:00', 20), (5, 3, '08:00:00', '12:00:00', 20),
    (6, 1, '08:00:00', '12:00:00', 20), (6, 2, '08:00:00', '12:00:00', 20), (6, 4, '08:00:00', '12:00:00', 20),
    (7, 0, '12:00:00', '16:00:00', 20), (7, 2, '12:00:00', '16:00:00', 20),
    (8, 1, '08:00:00', '12:00:00', 30), (8, 4, '08:00:00', '12:00:00', 30),
    (9, 3, '08:00:00', '12:00:00', 30), (9, 6, '08:00:00', '12:00:00', 30),
    (10, 0, '08:00:00', '12:00:00', 30), (10, 2, '08:00:00', '12:00:00', 30),
    (11, 1, '12:00:00', '16:00:00', 30), (11, 3, '12:00:00', '16:00:00', 30), (11, 6, '12:00:00', '16:00:00', 30),
    (12, 0, '12:00:00', '16:00:00', 30), (12, 4, '12:00:00', '16:00:00', 30),
    -- دوام الأطباء المضافين (13-23) بأيام مكمّلة لدوام زملائهم في نفس العيادة
    (13, 0, '12:00:00', '16:00:00', 20), (13, 3, '12:00:00', '16:00:00', 20), (13, 6, '12:00:00', '16:00:00', 20),
    (14, 1, '12:00:00', '16:00:00', 20), (14, 4, '12:00:00', '16:00:00', 20),
    (15, 3, '12:00:00', '16:00:00', 30), (15, 6, '12:00:00', '16:00:00', 30),
    (16, 1, '08:00:00', '12:00:00', 30), (16, 3, '08:00:00', '12:00:00', 30),
    (17, 0, '08:00:00', '12:00:00', 30), (17, 2, '08:00:00', '12:00:00', 30),
    (18, 3, '08:00:00', '12:00:00', 20), (18, 6, '08:00:00', '12:00:00', 20),
    (19, 0, '12:00:00', '16:00:00', 30), (19, 4, '12:00:00', '16:00:00', 30),
    (20, 1, '08:00:00', '12:00:00', 30), (20, 3, '08:00:00', '12:00:00', 30),
    (21, 0, '08:00:00', '12:00:00', 30), (21, 6, '08:00:00', '12:00:00', 30),
    (22, 2, '12:00:00', '16:00:00', 30), (22, 6, '12:00:00', '16:00:00', 30),
    (23, 0, '12:00:00', '16:00:00', 30), (23, 3, '12:00:00', '16:00:00', 30);

-- ---------------------------------------------------------------------
-- مواعيد تجريبية (حالات مختلفة لعرض لوحة الإدارة)
-- ---------------------------------------------------------------------
INSERT INTO appointments (patient_name, patient_phone, national_id, case_description, doctor_id, appointment_date, status) VALUES
    ('ياسر محمود',  '0591234567', '400123456', 'ألم متكرر في المعدة بعد الوجبات.',  1, '2026-07-05 08:30:00', 'Done'),
    ('منى كمال',    '0599876543', '400234567', 'متابعة ضغط الدم.',                  7, '2026-07-05 12:20:00', 'Rejected'),
    ('يوسف أحمد',   '0567112233', '400345678', 'فحص نظر دوري.',                     5, '2026-07-06 08:20:00', 'pending'),
    ('هناء محمد',   '0595556677', '400456789', 'كشف أسنان وتنظيف.',                 11, '2026-07-06 12:30:00', 'Confirmed');

-- ---------------------------------------------------------------------
-- الإعلانات (العناوين بنمط بطاقات صفحة الإعلانات في الموقع)
-- ---------------------------------------------------------------------
INSERT INTO announcements (title, message) VALUES
    ('إضافة جهاز تصوير طبي حديث', 'تم تركيب جهاز تصوير بالرنين المغناطيسي بأحدث المواصفات لخدمة مرضى العيادات الخارجية وتقليل فترات الانتظار.'),
    ('تحسين خدمات الاستقبال', 'تم افتتاح نظام الحجز الإلكتروني الجديد وتوسعة صالة الانتظار الرئيسية لتقديم خدمة أسرع وأكثر راحة.'),
    ('تطوير قسم المختبرات', 'تمت إضافة أجهزة تحاليل جديدة تتيح ظهور نتائج الفحوصات خلال وقت قياسي.'),
    ('صيانة شاملة لقاعات الانتظار', 'تخضع قاعات الانتظار في الطابق الثاني لأعمال صيانة وتجديد حتى نهاية الشهر الجاري.');

-- إعلانات صفحة Announcements2 القديمة بنصوصها الكاملة وتواريخها الأصلية
INSERT INTO announcements (title, message, created_at) VALUES
    ('تمديد ساعات العمل',
     'استجابةً لطلبات المرضى وحرصاً على توفير خدمة صحية متكاملة، تم تمديد ساعات عمل عدد من العيادات التخصصية لتشمل الفترة المسائية من الساعة 4 مساءً حتى 8 مساءً. تشمل العيادات المستفيدة: عيادة الباطنة، العيون، الأطفال، والطوارئ. يُرجى مراجعة جدول المواعيد للاطلاع على تفاصيل كل عيادة.',
     '2026-05-30 10:00:00'),
    ('حملات طبية توعوية',
     'يطلق المركز سلسلة من الحملات التوعوية الصحية الشهرية التي تتناول أبرز الأمراض المزمنة كالسكري وضغط الدم وأمراض القلب. تشمل الحملات: محاضرات توعوية مجانية، فحوصات مبكرة مجانية، توزيع مطبوعات طبية مفيدة، وجلسات إرشادية مع أطباء متخصصين. الجميع مدعوون للمشاركة والاستفادة.',
     '2026-05-12 10:00:00'),
    ('إضافة خدمات طبية جديدة',
     'في إطار تطوير منظومة الخدمات الطبية، تم إطلاق حزمة من الخدمات الجديدة تشمل: فحص الجسم الشامل (Check-up)، برامج المتابعة الدورية للمرضى المزمنين، خدمة الاستشارة الطبية عن بُعد، وبرامج إعادة التأهيل الوظيفي. تهدف هذه الخدمات إلى تقديم رعاية صحية متكاملة ووقائية لجميع المراجعين.',
     '2026-05-15 10:00:00'),
    ('إطلاق خدمة المتابعة بعد الزيارة',
     'أطلق المركز خدمة المتابعة الطبية ما بعد الزيارة، التي تتيح للمرضى التواصل مع طبيبهم المعالج خلال 48 ساعة من الكشف لطرح أي استفسارات أو الإبلاغ عن تغييرات في الحالة الصحية. تعمل الخدمة عبر الهاتف والواتساب وتطبيق المركز، وتهدف إلى ضمان استمرارية الرعاية الصحية وتعزيز الثقة بين المريض والطاقم الطبي.',
     '2026-05-22 10:00:00');

-- ---------------------------------------------------------------------
-- الشكاوى
-- ---------------------------------------------------------------------
INSERT INTO complaints (patient_name, patient_phone, subject, complaint_text, admin_reply, status) VALUES
    ('علي ناصر', '0591112223', 'شكوى',
     'أواجه مشكلة منذ يومين عند محاولة حجز موعد في عيادة الأسنان، حيث تظهر لي رسالة خطأ تفيد بأن المواعيد غير متاحة بالرغم من وجود خانات فارغة. أرجو حل المشكلة سريعاً وتأكيد موعد لي في أقرب وقت.',
     NULL, 'pending'),
    ('هناء محمد', '0595556677', 'شكر وتقدير',
     'أود أن أتقدم بخالص الشكر والتقدير لطاقم التمريض في قسم الأطفال على حسن معاملتهم واحترافيتهم العالية ورعايتهم الفائقة لطفلي أثناء إقامته في المستشفى.',
     'يسعدنا جداً سماع ذلك! تم نقل رسالتكم الكريمة لطاقم التمريض وسيتم تكريمهم في اجتماع القسم المقبل. نتمنى لكم ولطفلكم دوام الصحة والعافية.',
     'replied');

-- ---------------------------------------------------------------------
-- مستخدمو النظام (كما تعرضهم صفحة users.html)
--   كلمات المرور مشفرة bcrypt:
--     admin       → 123
--     reception_1 → 123456
-- ---------------------------------------------------------------------
INSERT INTO users (username, password, role, status, last_login) VALUES
    ('admin',       '$2b$10$nPrPwoYY8oDJFFmT1DPDCeF2HBcPDU2cBN7vt5Q./.SvNWLoYK3pC', 'مدير نظام',    'نشط', NOW()),
    ('reception_1', '$2b$10$TFG6Iz.ZonsvJl3jUzewpuuZqZilfpHJGBYkLJ7SEL0EK5q1Va6t.', 'موظف استقبال', 'نشط', NOW());