-- =====================================================================
--  بيانات تجريبية واقعية — مستشفى الياسين الطبي
--  شغّل هذا الملف بعد schema.sql مباشرة.
--
--  دخول لوحة الإدارة (مبسط على جهة الواجهة):
--      اسم المستخدم : admin
--      كلمة المرور  : 123
-- =====================================================================
USE nasser_hospital;

-- تفريغ الجداول قبل التعبئة (بترتيب يحترم المفاتيح الأجنبية)
SET FOREIGN_KEY_CHECKS = 0;
TRUNCATE TABLE appointments;
TRUNCATE TABLE doctor_schedules;
TRUNCATE TABLE doctors;
TRUNCATE TABLE clinics;
TRUNCATE TABLE announcements;
TRUNCATE TABLE complaints;
TRUNCATE TABLE users;
SET FOREIGN_KEY_CHECKS = 1;

-- ---------------------------------------------------------------------
-- العيادات (الأسماء مطابقة لقائمة فورم الحجز في موقع الزوار)
-- ---------------------------------------------------------------------
INSERT INTO clinics (id, code, name, floor, head_name, status) VALUES
    (1,  'INT-01',  'عيادة الباطنة',                 'الأول',  'د. أحمد مرتجى',   'active'),
    (2,  'CHST-02', 'عيادة الصدرية',                 'الأول',  'د. محمد صقر',     'active'),
    (3,  'ENT-03',  'عيادة الاذن والانف والحنجرة',   'الثاني', 'د. إيهاب أحمد',   'active'),
    (4,  'ORTH-04', 'عيادة العظام',                  'الثاني', 'د. أحمد محمد',    'active'),
    (5,  'EYE-05',  'عيادة العيون',                  'الثالث', 'د. غسان أنور',    'active'),
    (6,  'PED-06',  'عيادة الاطفال',                 'الأرضي', 'د. أنور مرتجى',   'active'),
    (7,  'CARD-07', 'عيادة القلب',                   'الثالث', 'د. نور مرتضى',    'active'),
    (8,  'DERM-08', 'عيادة الجلدية',                 'الثاني', 'د. ياسين محمد',   'active'),
    (9,  'ENDO-09', 'عيادة الغدد',                   'الأول',  'د. أحمد راضي',    'active'),
    (10, 'URO-10',  'عيادة المسالك البولية',         'الثالث', 'د. سامر خليل',    'active'),
    (11, 'DENT-11', 'عيادة الاسنان',                 'الأرضي', 'د. ليلى حمدان',   'active'),
    (12, 'PHYS-12', 'عيادة العلاج الطبيعي',          'الأرضي', 'د. رنا أبو شادي', 'active');

-- ---------------------------------------------------------------------
-- الأطباء (الأسماء مأخوذة من بطاقات صفحة الأطباء في موقع الزوار)
-- ---------------------------------------------------------------------
INSERT INTO doctors (id, name, specialization, phone, clinic_id, image_url) VALUES
    (1, 'د. أحمد مرتجى',  'أخصائي باطنة',               '0599111001', 1,  NULL),
    (2, 'د. محمد صقر',    'أخصائي أمراض صدرية',         '0599111002', 2,  NULL),
    (3, 'د. إيهاب أحمد',  'أخصائي أنف وأذن وحنجرة',     '0599111003', 3,  NULL),
    (4, 'د. أحمد محمد',   'أخصائي جراحة عظام',          '0599111004', 4,  NULL),
    (5, 'د. غسان أنور',   'أخصائي طب وجراحة العيون',    '0599111005', 5,  NULL),
    (6, 'د. أنور مرتجى',  'أخصائي طب أطفال',            '0599111006', 6,  NULL),
    (7, 'د. نور مرتضى',   'أخصائي أمراض قلب',           '0599111007', 7,  NULL),
    (8, 'د. ياسين محمد',  'أخصائي جلدية',               '0599111008', 8,  NULL),
    (9, 'د. أحمد راضي',   'أخصائي غدد صماء',            '0599111009', 9,  NULL),
    (10, 'د. سامر خليل',  'أخصائي مسالك بولية',         '0599111010', 10, NULL),
    (11, 'د. ليلى حمدان', 'طبيبة أسنان',                '0599111011', 11, NULL),
    (12, 'د. رنا أبو شادي','أخصائية علاج طبيعي',        '0599111012', 12, NULL);

-- ---------------------------------------------------------------------
-- دوام الأطباء (day_of_week: 0=الأحد ... 6=السبت)
--   دوام المستشفى الرسمي: السبت-الخميس 8:00 صباحاً - 4:00 مساءً
--   لكل طبيب 3 أيام دوام بفترات موعد 20-30 دقيقة
-- ---------------------------------------------------------------------
INSERT INTO doctor_schedules (doctor_id, day_of_week, start_time, end_time, slot_minutes) VALUES
    (1, 0, '08:00:00', '12:00:00', 30), (1, 2, '08:00:00', '12:00:00', 30), (1, 4, '08:00:00', '12:00:00', 30),
    (2, 1, '08:00:00', '12:00:00', 30), (2, 3, '08:00:00', '12:00:00', 30), (2, 6, '08:00:00', '12:00:00', 30),
    (3, 0, '12:00:00', '16:00:00', 30), (3, 2, '12:00:00', '16:00:00', 30), (3, 4, '12:00:00', '16:00:00', 30),
    (4, 1, '12:00:00', '16:00:00', 30), (4, 3, '12:00:00', '16:00:00', 30), (4, 6, '12:00:00', '16:00:00', 30),
    (5, 0, '08:00:00', '12:00:00', 20), (5, 3, '08:00:00', '12:00:00', 20),
    (6, 1, '08:00:00', '12:00:00', 20), (6, 2, '08:00:00', '12:00:00', 20), (6, 4, '08:00:00', '12:00:00', 20),
    (7, 0, '12:00:00', '16:00:00', 20), (7, 2, '12:00:00', '16:00:00', 20),
    (8, 1, '08:00:00', '12:00:00', 30), (8, 4, '08:00:00', '12:00:00', 30),
    (9, 3, '08:00:00', '12:00:00', 30), (9, 6, '08:00:00', '12:00:00', 30),
    (10, 0, '08:00:00', '12:00:00', 30), (10, 2, '08:00:00', '12:00:00', 30),
    (11, 1, '12:00:00', '16:00:00', 30), (11, 3, '12:00:00', '16:00:00', 30), (11, 6, '12:00:00', '16:00:00', 30),
    (12, 0, '12:00:00', '16:00:00', 30), (12, 4, '12:00:00', '16:00:00', 30);

-- ---------------------------------------------------------------------
-- مواعيد تجريبية (حالات مختلفة لعرض لوحة الإدارة)
-- ---------------------------------------------------------------------
INSERT INTO appointments (patient_name, patient_phone, national_id, case_description, doctor_id, appointment_date, status) VALUES
    ('ياسر محمود',  '0591234567', '400123456', 'ألم متكرر في المعدة بعد الوجبات.',  1, '2026-07-05 08:30:00', 'Done'),
    ('منى كمال',    '0599876543', '400234567', 'متابعة ضغط الدم.',                  7, '2026-07-05 12:20:00', 'Rejected'),
    ('يوسف أحمد',   '0567112233', '400345678', 'فحص نظر دوري.',                     5, '2026-07-06 08:20:00', 'pending'),
    ('هناء محمد',   '0595556677', '400456789', 'كشف أسنان وتنظيف.',                 11, '2026-07-06 12:30:00', 'Confirmed');

-- ---------------------------------------------------------------------
-- الإعلانات (العناوين بنمط بطاقات صفحة الإعلانات في الموقع)
-- ---------------------------------------------------------------------
INSERT INTO announcements (title, message) VALUES
    ('إضافة جهاز تصوير طبي حديث', 'تم تركيب جهاز تصوير بالرنين المغناطيسي بأحدث المواصفات لخدمة مرضى العيادات الخارجية وتقليل فترات الانتظار.'),
    ('تحسين خدمات الاستقبال', 'تم افتتاح نظام الحجز الإلكتروني الجديد وتوسعة صالة الانتظار الرئيسية لتقديم خدمة أسرع وأكثر راحة.'),
    ('تطوير قسم المختبرات', 'تمت إضافة أجهزة تحاليل جديدة تتيح ظهور نتائج الفحوصات خلال وقت قياسي.'),
    ('صيانة شاملة لقاعات الانتظار', 'تخضع قاعات الانتظار في الطابق الثاني لأعمال صيانة وتجديد حتى نهاية الشهر الجاري.');

-- ---------------------------------------------------------------------
-- الشكاوى
-- ---------------------------------------------------------------------
INSERT INTO complaints (patient_name, patient_phone, subject, complaint_text, admin_reply, status) VALUES
    ('علي ناصر', '0591112223', 'شكوى',
     'أواجه مشكلة منذ يومين عند محاولة حجز موعد في عيادة الأسنان، حيث تظهر لي رسالة خطأ تفيد بأن المواعيد غير متاحة بالرغم من وجود خانات فارغة. أرجو حل المشكلة سريعاً وتأكيد موعد لي في أقرب وقت.',
     NULL, 'pending'),
    ('هناء محمد', '0595556677', 'شكر وتقدير',
     'أود أن أتقدم بخالص الشكر والتقدير لطاقم التمريض في قسم الأطفال على حسن معاملتهم واحترافيتهم العالية ورعايتهم الفائقة لطفلي أثناء إقامته في المستشفى.',
     'يسعدنا جداً سماع ذلك! تم نقل رسالتكم الكريمة لطاقم التمريض وسيتم تكريمهم في اجتماع القسم المقبل. نتمنى لكم ولطفلكم دوام الصحة والعافية.',
     'replied');

-- ---------------------------------------------------------------------
-- مستخدمو النظام (كما تعرضهم صفحة users.html)
--   كلمات المرور مشفرة bcrypt:
--     admin       → 123
--     reception_1 → 123456
-- ---------------------------------------------------------------------
INSERT INTO users (username, password, role, status, last_login) VALUES
    ('admin',       '$2b$10$nPrPwoYY8oDJFFmT1DPDCeF2HBcPDU2cBN7vt5Q./.SvNWLoYK3pC', 'مدير نظام',    'نشط', NOW()),
    ('reception_1', '$2b$10$TFG6Iz.ZonsvJl3jUzewpuuZqZilfpHJGBYkLJ7SEL0EK5q1Va6t.', 'موظف استقبال', 'نشط', NOW());